﻿<?xml version="1.0"?>
<statistics>
 <script name="TestImages">
  <LastStatus>Success</LastStatus>
  <NumberOfRuns>2</NumberOfRuns>
  <NumberOfFails>0</NumberOfFails>
  <FirstRun>2016-08-18 15:07:35 -0600</FirstRun>
  <LastRun>2016-08-18 15:07:50 -0600</LastRun>
  <TotalTimeOnSuccess>4.080743</TotalTimeOnSuccess>
 </script>
 <script name="TestScripts">
  <LastStatus>Success</LastStatus>
  <NumberOfRuns>1</NumberOfRuns>
  <NumberOfFails>0</NumberOfFails>
  <FirstRun>2016-08-19 09:17:41 -0600</FirstRun>
  <LastRun>2016-08-19 09:17:41 -0600</LastRun>
  <TotalTimeOnSuccess>0.937343</TotalTimeOnSuccess>
 </script>
</statistics>
