﻿<?xml version="1.0"?>
<runHistory script="Index">
 <run>
  <RunDate>2016-08-18 11:58:15.188 -0600</RunDate>
  <Status>Failure</Status>
  <Duration>121.546254</Duration>
  <Errors>1</Errors>
  <Warnings>0</Warnings>
  <Exceptions>0</Exceptions>
  <Successes>0</Successes>
  <LogFile>20160818_115815.188/LogFile.txt</LogFile>
  <ReturnValue></ReturnValue>
  <ErrorMessage>Script Error -- Number of Errors logged: 1</ErrorMessage>
 </run>
 <run>
  <RunDate>2016-08-18 12:10:56.577 -0600</RunDate>
  <Status>Failure</Status>
  <Duration>101.555576</Duration>
  <Errors>1</Errors>
  <Warnings>0</Warnings>
  <Exceptions>0</Exceptions>
  <Successes>0</Successes>
  <LogFile>20160818_121056.577/LogFile.txt</LogFile>
  <ReturnValue></ReturnValue>
  <ErrorMessage>Script Error -- Number of Errors logged: 1</ErrorMessage>
 </run>
 <run>
  <RunDate>2016-08-18 12:18:52.330 -0600</RunDate>
  <Status>Success</Status>
  <Duration>88.494911</Duration>
  <Errors>0</Errors>
  <Warnings>0</Warnings>
  <Exceptions>0</Exceptions>
  <Successes>1</Successes>
  <LogFile>20160818_121852.330/LogFile.txt</LogFile>
  <ReturnValue></ReturnValue>
  <ErrorMessage></ErrorMessage>
 </run>
 <run>
  <RunDate>2016-08-18 13:38:22.647 -0600</RunDate>
  <Status>Failure</Status>
  <Duration>4.955930</Duration>
  <Errors>1</Errors>
  <Warnings>0</Warnings>
  <Exceptions>1</Exceptions>
  <Successes>0</Successes>
  <LogFile>20160818_133822.647/LogFile.txt</LogFile>
  <ReturnValue></ReturnValue>
  <ErrorMessage>Image Not Found -- click Error - No Image Found On Screen: &quot;Chrome/Desktop Icon&quot;</ErrorMessage>
 </run>
 <run>
  <RunDate>2016-08-18 14:10:54.269 -0600</RunDate>
  <Status>Failure</Status>
  <Duration>5.329068</Duration>
  <Errors>1</Errors>
  <Warnings>0</Warnings>
  <Exceptions>1</Exceptions>
  <Successes>0</Successes>
  <LogFile>20160818_141054.269/LogFile.txt</LogFile>
  <ReturnValue></ReturnValue>
  <ErrorMessage>Image Not Found -- click Error - No Image Found On Screen: &quot;Chrome/Desktop Icon&quot;</ErrorMessage>
 </run>
 <run>
  <RunDate>2016-08-18 14:11:54.320 -0600</RunDate>
  <Status>Running</Status>
  <Duration>0.000000</Duration>
  <Errors></Errors>
  <Warnings></Warnings>
  <Exceptions></Exceptions>
  <Successes></Successes>
  <LogFile>20160818_141154.320/LogFile.txt</LogFile>
  <ReturnValue></ReturnValue>
  <ErrorMessage></ErrorMessage>
 </run>
 <run>
  <RunDate>2016-08-18 14:14:39.879 -0600</RunDate>
  <Status>Failure</Status>
  <Duration>11.407049</Duration>
  <Errors>1</Errors>
  <Warnings>0</Warnings>
  <Exceptions>1</Exceptions>
  <Successes>0</Successes>
  <LogFile>20160818_141439.879/LogFile.txt</LogFile>
  <ReturnValue></ReturnValue>
  <ErrorMessage>Image Not Found -- click Error - No Image Found On Screen: &quot;Chrome/Refresh Icon&quot;</ErrorMessage>
 </run>
 <run>
  <RunDate>2016-08-18 14:15:36.620 -0600</RunDate>
  <Status>Running</Status>
  <Duration>0.000000</Duration>
  <Errors></Errors>
  <Warnings></Warnings>
  <Exceptions></Exceptions>
  <Successes></Successes>
  <LogFile>20160818_141536.620/LogFile.txt</LogFile>
  <ReturnValue></ReturnValue>
  <ErrorMessage></ErrorMessage>
 </run>
 <run>
  <RunDate>2016-08-18 14:16:52.620 -0600</RunDate>
  <Status>Running</Status>
  <Duration>0.000000</Duration>
  <Errors></Errors>
  <Warnings></Warnings>
  <Exceptions></Exceptions>
  <Successes></Successes>
  <LogFile>20160818_141652.620/LogFile.txt</LogFile>
  <ReturnValue></ReturnValue>
  <ErrorMessage></ErrorMessage>
 </run>
 <run>
  <RunDate>2016-08-18 14:31:24.170 -0600</RunDate>
  <Status>Running</Status>
  <Duration>0.000000</Duration>
  <Errors></Errors>
  <Warnings></Warnings>
  <Exceptions></Exceptions>
  <Successes></Successes>
  <LogFile>20160818_143124.170/LogFile.txt</LogFile>
  <ReturnValue></ReturnValue>
  <ErrorMessage></ErrorMessage>
 </run>
 <run>
  <RunDate>2016-08-18 14:31:51.937 -0600</RunDate>
  <Status>Failure</Status>
  <Duration>41.819468</Duration>
  <Errors>1</Errors>
  <Warnings>0</Warnings>
  <Exceptions>1</Exceptions>
  <Successes>0</Successes>
  <LogFile>20160818_143151.937/LogFile.txt</LogFile>
  <ReturnValue></ReturnValue>
  <ErrorMessage>Image Not Found -- click Error - No Image Found On Screen: &quot;Chrome/Tab Menu Icon&quot;</ErrorMessage>
 </run>
 <run>
  <RunDate>2016-08-18 14:33:40.882 -0600</RunDate>
  <Status>Failure</Status>
  <Duration>75.987685</Duration>
  <Errors>2</Errors>
  <Warnings>2</Warnings>
  <Exceptions>0</Exceptions>
  <Successes>0</Successes>
  <LogFile>20160818_143340.882/LogFile.txt</LogFile>
  <ReturnValue></ReturnValue>
  <ErrorMessage>Script Error -- Number of Errors logged: 2</ErrorMessage>
 </run>
 <run>
  <RunDate>2016-08-18 15:03:08.298 -0600</RunDate>
  <Status>Failure</Status>
  <Duration>0.983051</Duration>
  <Errors>1</Errors>
  <Warnings>0</Warnings>
  <Exceptions>1</Exceptions>
  <Successes>0</Successes>
  <LogFile>20160818_150308.298/LogFile.txt</LogFile>
  <ReturnValue></ReturnValue>
  <ErrorMessage>File Not Found -- imagefound Error - Could Not Open Image: Apple/Sleep Screen</ErrorMessage>
 </run>
 <run>
  <RunDate>2016-08-18 15:04:00.249 -0600</RunDate>
  <Status>Failure</Status>
  <Duration>72.953149</Duration>
  <Errors>1</Errors>
  <Warnings>1</Warnings>
  <Exceptions>0</Exceptions>
  <Successes>0</Successes>
  <LogFile>20160818_150400.249/LogFile.txt</LogFile>
  <ReturnValue></ReturnValue>
  <ErrorMessage>Script Error -- Number of Errors logged: 1</ErrorMessage>
 </run>
 <run>
  <RunDate>2016-08-19 09:01:59.715 -0700</RunDate>
  <Status>Failure</Status>
  <Duration>0.708719</Duration>
  <Errors>1</Errors>
  <Warnings>0</Warnings>
  <Exceptions>1</Exceptions>
  <Successes>0</Successes>
  <LogFile>20160819_090159.715/LogFile.txt</LogFile>
  <ReturnValue></ReturnValue>
  <ErrorMessage>File Not Found -- imagefound Error - Could Not Open Image: Apple</ErrorMessage>
 </run>
</runHistory>
