﻿Date Run,Status,Time,# of Errors,# of Warnings,# of Exceptions,Log File,Return Value,Error Message,# of Successes
2016-08-18 11:58:15.188 -0600,"Failure",0:02:01,1,0,0,"20160818_115815.188/LogFile.txt","","Script Error -- Number of Errors logged: 1",0
2016-08-18 12:10:56.577 -0600,"Failure",0:01:41,1,0,0,"20160818_121056.577/LogFile.txt","","Script Error -- Number of Errors logged: 1",0
2016-08-18 12:18:52.330 -0600,"Success",0:01:28,0,0,0,"20160818_121852.330/LogFile.txt","","",1
2016-08-18 13:38:22.647 -0600,"Failure",0:00:04,1,0,1,"20160818_133822.647/LogFile.txt","","Image Not Found -- click Error - No Image Found On Screen: ""Chrome/Desktop Icon""",0
2016-08-18 14:10:54.269 -0600,"Failure",0:00:05,1,0,1,"20160818_141054.269/LogFile.txt","","Image Not Found -- click Error - No Image Found On Screen: ""Chrome/Desktop Icon""",0
2016-08-18 14:11:54.320 -0600,"Running",0:00:00,0,0,0,"20160818_141154.320/LogFile.txt","","",0
2016-08-18 14:14:39.879 -0600,"Failure",0:00:11,1,0,1,"20160818_141439.879/LogFile.txt","","Image Not Found -- click Error - No Image Found On Screen: ""Chrome/Refresh Icon""",0
2016-08-18 14:15:36.620 -0600,"Running",0:00:00,0,0,0,"20160818_141536.620/LogFile.txt","","",0
2016-08-18 14:16:52.620 -0600,"Running",0:00:00,0,0,0,"20160818_141652.620/LogFile.txt","","",0
2016-08-18 14:31:24.170 -0600,"Running",0:00:00,0,0,0,"20160818_143124.170/LogFile.txt","","",0
2016-08-18 14:31:51.937 -0600,"Failure",0:00:41,1,0,1,"20160818_143151.937/LogFile.txt","","Image Not Found -- click Error - No Image Found On Screen: ""Chrome/Tab Menu Icon""",0
2016-08-18 14:33:40.882 -0600,"Failure",0:01:15,2,2,0,"20160818_143340.882/LogFile.txt","","Script Error -- Number of Errors logged: 2",0
2016-08-18 15:03:08.298 -0600,"Failure",0:00:00,1,0,1,"20160818_150308.298/LogFile.txt","","File Not Found -- imagefound Error - Could Not Open Image: Apple/Sleep Screen",0
2016-08-18 15:04:00.249 -0600,"Failure",0:01:12,1,1,0,"20160818_150400.249/LogFile.txt","","Script Error -- Number of Errors logged: 1",0
2016-08-19 09:01:59.715 -0700,"Failure",0:00:00,1,0,1,"20160819_090159.715/LogFile.txt","","File Not Found -- imagefound Error - Could Not Open Image: Apple",0
